id,flags
114,vassal_identity;counter_scan_reviewed
116,vassal_identity;counter_scan_reviewed
117,vassal_identity;counter_scan_reviewed
118,vassal_identity;counter_scan_reviewed
120,vassal_identity;counter_scan_reviewed
122,vassal_identity;counter_scan_reviewed
123,vassal_identity;counter_scan_reviewed
124,vassal_identity;counter_scan_reviewed
125,vassal_identity;counter_scan_reviewed
126,vassal_identity;counter_scan_reviewed
127,vassal_identity;counter_scan_reviewed
128,vassal_identity;counter_scan_reviewed
129,vassal_identity;counter_scan_reviewed
130,vassal_identity;counter_scan_reviewed
131,vassal_identity;counter_scan_reviewed
132,vassal_identity;counter_scan_reviewed
133,vassal_identity;counter_scan_reviewed
134,vassal_identity;counter_scan_reviewed
135,vassal_identity;counter_scan_reviewed
136,vassal_identity;counter_scan_reviewed
137,vassal_identity;counter_scan_reviewed
138,vassal_identity;counter_scan_reviewed
140,vassal_identity;counter_scan_reviewed
149,vassal_identity;counter_scan_reviewed
150,vassal_identity;counter_scan_reviewed
151,vassal_identity;counter_scan_reviewed
154,vassal_identity;counter_scan_reviewed
155,vassal_identity;counter_scan_reviewed
156,vassal_identity;counter_scan_reviewed
157,vassal_identity;counter_scan_reviewed
158,vassal_identity;counter_scan_reviewed
159,vassal_identity;counter_scan_reviewed
160,vassal_identity;counter_scan_reviewed
161,vassal_identity;counter_scan_reviewed
163,vassal_identity;counter_scan_reviewed
164,vassal_identity;counter_scan_reviewed
165,vassal_identity;counter_scan_reviewed
166,vassal_identity;counter_scan_reviewed
167,vassal_identity;counter_scan_reviewed
168,vassal_identity;counter_scan_reviewed
169,vassal_identity;counter_scan_reviewed
170,vassal_identity;counter_scan_reviewed
171,vassal_identity;counter_scan_reviewed
172,vassal_identity;counter_scan_reviewed
173,vassal_identity;counter_scan_reviewed
174,vassal_identity;counter_scan_reviewed
177,vassal_identity;counter_scan_reviewed
176,vassal_identity;counter_scan_reviewed
178,vassal_identity;counter_scan_reviewed
181,vassal_identity;counter_scan_reviewed
182,vassal_identity;counter_scan_reviewed
183,vassal_identity;counter_scan_reviewed
184,vassal_identity;counter_scan_reviewed
185,vassal_identity;counter_scan_reviewed
187,vassal_identity;counter_scan_reviewed
189,vassal_identity;counter_scan_reviewed
190,vassal_identity;counter_scan_reviewed
194,vassal_identity;counter_scan_reviewed
195,vassal_identity;counter_scan_reviewed
196,vassal_identity;counter_scan_reviewed
197,vassal_identity;counter_scan_reviewed
198,vassal_identity;counter_scan_reviewed
199,vassal_identity;counter_scan_reviewed
200,vassal_identity;counter_scan_reviewed
201,vassal_identity;counter_scan_reviewed
247,vassal_identity;counter_scan_reviewed
202,vassal_identity;counter_scan_reviewed
203,vassal_identity;counter_scan_reviewed
204,vassal_identity;counter_scan_reviewed
205,vassal_identity;counter_scan_reviewed
207,vassal_identity;counter_scan_reviewed
208,vassal_identity;counter_scan_reviewed
209,vassal_identity;counter_scan_reviewed
210,vassal_identity;counter_scan_reviewed
212,vassal_identity;counter_scan_reviewed
222,vassal_identity;counter_scan_reviewed
214,vassal_identity;counter_scan_reviewed
215,vassal_identity;counter_scan_reviewed
216,vassal_identity;counter_scan_reviewed
218,vassal_identity;counter_scan_reviewed
219,vassal_identity;counter_scan_reviewed
223,vassal_identity;counter_scan_reviewed
224,vassal_identity;counter_scan_reviewed
225,vassal_identity;counter_scan_reviewed
226,vassal_identity;counter_scan_reviewed
227,vassal_identity;counter_scan_reviewed
232,vassal_identity;counter_scan_reviewed
233,vassal_identity;counter_scan_reviewed
234,vassal_identity;counter_scan_reviewed
235,vassal_identity;counter_scan_reviewed
236,vassal_identity;counter_scan_reviewed
237,vassal_identity;counter_scan_reviewed
238,vassal_identity;counter_scan_reviewed
242,vassal_identity;counter_scan_reviewed
243,vassal_identity;counter_scan_reviewed
244,vassal_identity;counter_scan_reviewed
245,vassal_identity;counter_scan_reviewed
246,vassal_identity;counter_scan_reviewed
401,vassal_identity;counter_scan_reviewed
402,vassal_identity;counter_scan_reviewed
403,vassal_identity;counter_scan_reviewed
404,vassal_identity;counter_scan_reviewed
405,vassal_identity;counter_scan_reviewed
413,vassal_identity;counter_scan_reviewed
414,vassal_identity;counter_scan_reviewed
415,vassal_identity;counter_scan_reviewed
419,vassal_identity;counter_scan_reviewed
420,vassal_identity;counter_scan_reviewed
421,vassal_identity;counter_scan_reviewed
422,vassal_identity;counter_scan_reviewed
423,vassal_identity;counter_scan_reviewed
424,vassal_identity;counter_scan_reviewed
425,vassal_identity;counter_scan_reviewed
426,vassal_identity;counter_scan_reviewed
427,vassal_identity;counter_scan_reviewed
428,vassal_identity;counter_scan_reviewed
429,vassal_identity;counter_scan_reviewed
430,vassal_identity;counter_scan_reviewed
431,vassal_identity;counter_scan_reviewed
432,vassal_identity;counter_scan_reviewed
433,vassal_identity;counter_scan_reviewed
434,vassal_identity;counter_scan_reviewed
435,vassal_identity;counter_scan_reviewed
436,vassal_identity;counter_scan_reviewed
556,vassal_identity;counter_scan_reviewed
437,vassal_identity;counter_scan_reviewed
440,vassal_identity;counter_scan_reviewed
444,vassal_identity;counter_scan_reviewed
445,vassal_identity;counter_scan_reviewed
446,vassal_identity;counter_scan_reviewed
447,vassal_identity;counter_scan_reviewed
448,vassal_identity;counter_scan_reviewed
449,vassal_identity;counter_scan_reviewed
451,vassal_identity;counter_scan_reviewed
452,vassal_identity;counter_scan_reviewed
453,vassal_identity;counter_scan_reviewed
454,vassal_identity;counter_scan_reviewed
455,vassal_identity;counter_scan_reviewed
456,vassal_identity;counter_scan_reviewed
457,vassal_identity;counter_scan_reviewed
459,vassal_identity;counter_scan_reviewed
460,vassal_identity;counter_scan_reviewed
461,vassal_identity;counter_scan_reviewed
462,vassal_identity;counter_scan_reviewed
465,vassal_identity;counter_scan_reviewed
466,vassal_identity;counter_scan_reviewed
467,vassal_identity;counter_scan_reviewed
468,vassal_identity;counter_scan_reviewed
469,vassal_identity;counter_scan_reviewed
474,vassal_identity;counter_scan_reviewed
475,vassal_identity;counter_scan_reviewed
476,vassal_identity;counter_scan_reviewed
477,vassal_identity;counter_scan_reviewed
478,vassal_identity;counter_scan_reviewed
483,vassal_identity;counter_scan_reviewed
484,vassal_identity;counter_scan_reviewed
485,vassal_identity;counter_scan_reviewed
486,vassal_identity;counter_scan_reviewed
487,vassal_identity;counter_scan_reviewed
488,vassal_identity;counter_scan_reviewed
489,vassal_identity;counter_scan_reviewed
490,vassal_identity;counter_scan_reviewed
491,vassal_identity;counter_scan_reviewed
559,vassal_identity;counter_scan_reviewed
492,vassal_identity;counter_scan_reviewed
496,vassal_identity;counter_scan_reviewed
497,vassal_identity;counter_scan_reviewed
500,vassal_identity;counter_scan_reviewed
501,vassal_identity;counter_scan_reviewed
502,vassal_identity;counter_scan_reviewed
560,vassal_identity;counter_scan_reviewed
561,vassal_identity;counter_scan_reviewed
562,vassal_identity;counter_scan_reviewed
563,vassal_identity;counter_scan_reviewed
564,vassal_identity;counter_scan_reviewed
518,vassal_identity;counter_scan_reviewed
565,vassal_identity;counter_scan_reviewed
571,vassal_identity;counter_scan_reviewed
572,vassal_identity;counter_scan_reviewed
573,vassal_identity;counter_scan_reviewed
574,vassal_identity;counter_scan_reviewed
575,vassal_identity;counter_scan_reviewed
576,vassal_identity;counter_scan_reviewed
577,vassal_identity;counter_scan_reviewed
578,vassal_identity;counter_scan_reviewed
579,vassal_identity;counter_scan_reviewed
580,vassal_identity;counter_scan_reviewed
581,vassal_identity;counter_scan_reviewed
997,vassal_embedded_identity;counter_scan_reviewed
